{
  "training_time_seconds": 140.46412777900696,
  "total_timesteps": 100000,
  "final_scores": [
    0,
    0,
    0,
    0,
    0,
    0,
    0,
    0,
    0,
    0,
    0,
    0,
    0,
    0,
    0,
    0,
    0,
    0,
    0,
    0
  ],
  "max_score": 0.0,
  "mean_score": 0.0,
  "std_score": 0.0,
  "min_score": 0.0,
  "median_score": 0.0,
  "timestamp": "2025-10-27T09:56:26.073222"
}